tag,image,cve,project,cwe,labelled_function,labelled_file,oracle,vulnerable_side,fixed_side,confirmation_scope,commit,upstream_built_in_image
177737,vulvalidate/bigvul-repro:177737,CVE-2015-8382,php,CWE-119,php_pcre_match_impl,ext/pcre/php_pcre.c,sanitizer shadow state,0,0,defect_site,c351b47ce85a3a147cfa801fa9f0149ab4160834,yes
177740,vulvalidate/bigvul-repro:177740,CVE-2013-6420,php,CWE-119,asn1_time_to_time_t,ext/openssl/openssl_backend_common.c,AddressSanitizer: heap-buffer-overflow,1,0,defect_site,c1224573c773b6845e83505f717fbf820fc18415,no
177741,vulvalidate/bigvul-repro:177741,CVE-2011-4128,savannah,CWE-119,gnutls_session_get_data,,AddressSanitizer: heap-buffer-overflow,1,0,reachability,190cef6eed37d0e73a73c1e205eb31d45ab60a3c,no
177746,vulvalidate/bigvul-repro:177746,CVE-2015-7665,savannah,CWE-200,getftp,src/ftp.c,behavioural: a printed value differs,1,0,defect_site,075d7556964f5a871a73c22ac4b69f5361295099,no
177747,vulvalidate/bigvul-repro:177747,CVE-2013-6051,savannah,,,,behavioural: a printed value differs,0,0,defect_site,8794e8d229dc9fe29ea31424883433d4880ef408,no
177748,vulvalidate/bigvul-repro:177748,CVE-2018-1000040,ghostscript,CWE-20,fz_init_cached_color_converter,,AddressSanitizer: heap-use-after-free,1,0,defect_site,83d4dae44c71816c084a635550acc1a51529b881,no
177749,vulvalidate/bigvul-repro:177749,CVE-2018-1000039,ghostscript,CWE-416,,,AddressSanitizer: heap-use-after-free,1,0,defect_site,f597300439e62f5e921f0d7b1e880b5c1a1f1607,no
177759,vulvalidate/bigvul-repro:177759,CVE-2015-7540,samba,CWE-399,asn1_write_ContextSimple,lib/util/asn1.c,AddressSanitizer: heap-use-after-free,1,0,reachability,9d989c9dd7a5b92d0c5d65287935471b83b6e884,no
177771,vulvalidate/bigvul-repro:177771,CVE-2018-20103,haproxy,CWE-835,dns_read_name,src/dns.c,AddressSanitizer: stack-overflow,,0,defect_site,58df5aea0a0c926b2238f65908f5e9f83d1cca25,no
177772,vulvalidate/bigvul-repro:177772,CVE-2018-20102,haproxy,CWE-125,dns_validate_dns_response,,AddressSanitizer: heap-buffer-overflow,1,0,defect_site,efbbdf72992cd20458259962346044cafd9331c0,no
177773,vulvalidate/bigvul-repro:177773,CVE-2009-3607,poppler,CWE-189,create_surface_from_thumbnail_data,glib/poppler-page.cc,behavioural: a printed value differs,1,0,defect_site,c839b706092583f6b12ed3cc634bf5af34b7a2bb,no
177776,vulvalidate/bigvul-repro:177776,CVE-2009-3605,poppler,CWE-189,CairoOutputDev::beginString,poppler/CairoOutputDev.cc,AddressSanitizer: heap-buffer-overflow,1,1,defect_site,7b2d314a61fd0e12f47c62996cb49ec0d1ba747a,no
177794,vulvalidate/bigvul-repro:177794,CVE-2017-16853,shibboleth,CWE-347,m_cleanup_thread,vulnerable_function.c (stored labelled body; upstream path absent from sample metadata),behavioural: a printed value differs,1,0,defect_site,6182b0acf2df670e75423c2ed7afe6950ef11c9d,no
177795,vulvalidate/bigvul-repro:177795,CVE-2017-16852,shibboleth,CWE-347,DynamicMetadataProvider::DynamicMetadataProvider,shibsp/metadata/DynamicMetadataProvider.cpp,behavioural: a printed value differs,1,0,defect_site,b66cceb0e992c351ad5e2c665229ede82f261b16,no
177798,vulvalidate/bigvul-repro:177798,CVE-2017-16612,wayland,CWE-190,XcursorImageCreate,libXcursor Xcursor.c (info.json project field says 'wayland'; the code is libXcursor's),behavioural: a printed value differs,"0,1",0,defect_site,5d201df72f3d4f4cb8b8f75f980169b03507da38,no
177800,vulvalidate/bigvul-repro:177800,CVE-2017-16612,xcursor,CWE-190,XcursorCommentCreate,"read-not-obtained: context_meta.json, info.json::file_name and the worklist row all leave the file empty",AddressSanitizer: heap-buffer-overflow,"0,1",0,defect_site,4794b5dd34688158fb51a2943032569d3780c4b8,no
177812,vulvalidate/bigvul-repro:177812,CVE-2017-15994,samba,CWE-354,sum_update,,behavioural: a printed value differs,1,0,defect_site,c252546ceeb0925eb8a4061315e3ff0a8c55b48b,no
177823,vulvalidate/bigvul-repro:177823,CVE-2011-2895,libxfont,CWE-119,BufCompressedFill,,AddressSanitizer: heap-buffer-overflow,1,0,defect_site,d11ee5886e9d9ec610051a206b135a4cdc1e09a0,no
177824,vulvalidate/bigvul-repro:177824,CVE-2017-15650,musl,CWE-119,dns_parse_callback,,AddressSanitizer: heap-buffer-overflow,1,0,defect_site,45ca5d3fcb6f874bf5ba55d0e9651cef68515395,no
177832,vulvalidate/bigvul-repro:177832,CVE-2019-14975,ghostscript,CWE-125,walk_string,source/pdf/pdf-op-filter.c,AddressSanitizer: heap-buffer-overflow,"0,1",0,defect_site,97096297d409ec6f206298444ba00719607e8ba8,no
177834,vulvalidate/bigvul-repro:177834,CVE-2011-2724,samba,CWE-20,check_mtab,,behavioural: a printed value differs,1,0,defect_site,1e7a32924b22d1f786b6f490ce8590656f578f91,no
177841,vulvalidate/bigvul-repro:177841,CVE-2015-5330,samba,CWE-200,strupper_talloc_n_handle,lib/util/charset/util_unistr.c,behavioural: a printed value differs,1,0,defect_site,a118d4220ed85749c07fb43c1229d9e2fecbea6b,no
177842,vulvalidate/bigvul-repro:177842,CVE-2015-5330,samba,CWE-200,next_codepoint_handle_ext,lib/util/charset/codepoints.c,AddressSanitizer: heap-buffer-overflow,"0,1",,defect_site,ba5dbda6d0174a59d221c45cca52ecd232820d48,no
177847,vulvalidate/bigvul-repro:177847,CVE-2015-5296,samba,CWE-20,smb2cli_session_security_mode,libcli/smb/smbXcli_base.c,behavioural: a printed value differs,1,0,defect_site,a819d2b440aafa3138d95ff6e8b824da885a70e9,no
177852,vulvalidate/bigvul-repro:177852,CVE-2015-5289,postgresql,CWE-119,parse_object,,AddressSanitizer: stack-overflow,1,0,defect_site,08fa47c4850cea32c3116665975bca219fbf2fe6,no
177861,vulvalidate/bigvul-repro:177861,CVE-2011-1943,NetworkManager,CWE-200,destroy_one_secret,src/nm-vpn-connection.c,behavioural: a printed value differs,1,0,defect_site,78ce088843d59d4494965bfc40b30a2e63d065f6,no
177864,vulvalidate/bigvul-repro:177864,CVE-2017-13723,xserver,CWE-119,tbGetBuffer,xkb/xkbtext.c (info.json file_name is EMPTY; resolved from the commit),AddressSanitizer,1,0,defect_site,94f11ca5cf011ef123bd222cabeaef6f424d76ac,no
177865,vulvalidate/bigvul-repro:177865,CVE-2017-13720,libxfont,CWE-125,,,AddressSanitizer: heap-buffer-overflow,1,0,defect_site,d1e670a4a8704b8708e493ab6155589bcd570608,no
177868,vulvalidate/bigvul-repro:177868,CVE-2017-13673,qemu,CWE-617,vga_draw_graphic,hw/display/vga.c,behavioural: a printed value differs,134,0,defect_site,bfc56535f793c557aa754c50213fc5f882e6482d,no
177873,vulvalidate/bigvul-repro:177873,CVE-2017-13090,savannah,CWE-119,fd_read_body,vulnerable_function.c (stored labelled body; upstream path absent from sample metadata),behavioural: a printed value differs,1,0,defect_site,ba6b44f6745b14dce414761a8e4b35d31b176bba,no
177874,vulvalidate/bigvul-repro:177874,CVE-2018-15911,ghostscript,CWE-119,aes_crypt_ecb,,AddressSanitizer,1,0,defect_site,8e9ce5016db968b40e4ec255a3005f2786cce45f,no
177878,vulvalidate/bigvul-repro:177878,CVE-2015-3456,qemu,CWE-119,fdctrl_handle_drive_specification_command,hw/block/fdc.c,AddressSanitizer: heap-buffer-overflow,1,0,defect_site,e907746266721f305d67bc0718795fedee2e824c,no
177879,vulvalidate/bigvul-repro:177879,CVE-2015-3456,qemu,CWE-119,fdctrl_read_data,hw/block/fdc.c,AddressSanitizer: heap-buffer-overflow,1,0,defect_site,e907746266721f305d67bc0718795fedee2e824c,no
177894,vulvalidate/bigvul-repro:177894,CVE-2019-12068,qemu,CWE-835,lsi_execute_script,hw/scsi/lsi53c895a.c,behavioural: a printed value differs,124,0,defect_site,de594e47659029316bbf9391efb79da0a1a08e08,no
177896,vulvalidate/bigvul-repro:177896,CVE-2013-2007,qemu,CWE-264,become_daemon,qga/main.c,behavioural: a printed value differs,7,0,defect_site,c689b4f1bac352dcfd6ecb9a1d45337de0f1de67,no
177901,vulvalidate/bigvul-repro:177901,CVE-2015-2806,savannah,CWE-119,_asn1_ltostr,vulnerable_function.c (stored labelled body; upstream path absent from sample metadata),behavioural: a printed value differs,1,0,defect_site,4d4f992826a4962790ecd0cce6fbba4a415ce149,no
177917,vulvalidate/bigvul-repro:177917,CVE-2018-14600,libx11,CWE-787,XGetFontPath,unreadable: no file name recorded for this sample in the worklist or in context_meta.json,AddressSanitizer: heap-buffer-overflow,1,0,defect_site,dbf72805fd9d7b1846fe9a11b46f3994bfc27fea,no
177918,vulvalidate/bigvul-repro:177918,CVE-2018-14600,libx11,CWE-787,XListExtensions,,AddressSanitizer,1,0,defect_site,dbf72805fd9d7b1846fe9a11b46f3994bfc27fea,no
177920,vulvalidate/bigvul-repro:177920,CVE-2018-14599,libx11,CWE-682,XGetFontPath,,behavioural: a printed value differs,1,0,defect_site,b469da1430cdcee06e31c6251b83aede072a1ff0,no
177921,vulvalidate/bigvul-repro:177921,CVE-2018-14599,libx11,CWE-682,XListExtensions,src/ListExt.c,AddressSanitizer: heap-buffer-overflow,1,0,defect_site,b469da1430cdcee06e31c6251b83aede072a1ff0,no
177926,vulvalidate/bigvul-repro:177926,CVE-2009-0586,gstreamer,CWE-189,gst_vorbis_tag_add_coverart,gst-libs/gst/tag/gstvorbistag.c,AddressSanitizer: heap-buffer-overflow,1,0,defect_site,566583e87147f774e7fc4c78b5f7e61d427e40a9,no
177937,vulvalidate/bigvul-repro:177937,CVE-2017-10971,xserver,CWE-119,ProcXSendExtensionEvent,Xi/sendexev.c,AddressSanitizer: heap-buffer-overflow,1,0,defect_site,8caed4df36b1f802b4992edcfd282cbeeec35d9d,no
177947,vulvalidate/bigvul-repro:177947,CVE-2011-0064,harfbuzz,,hb_buffer_ensure_separate,src/hb-buffer.c,AddressSanitizer: heap-buffer-overflow,1,0,defect_site,a6a79df5fe2ed2cd307e7a991346faee164e70d9,no
177975,vulvalidate/bigvul-repro:177975,CVE-2015-0292,openssl,CWE-119,EVP_DecodeUpdate,crypto/evp/encode.c,behavioural: a printed value differs,7,0,defect_site,d0666f289ac013094bbbf547bfbcd616199b7d2d,no
178096,vulvalidate/bigvul-repro:178096,CVE-2016-7943,libx11,CWE-787,XGetModifierMapping,读不到,AddressSanitizer: heap-buffer-overflow,1,0,defect_site,8c29f1607a31dac0911e45a0dd3d74173822b3c9,no
178202,vulvalidate/bigvul-repro:178202,CVE-2016-4579,gnupg,CWE-20,parse_asntime_into_isotime,,AddressSanitizer: heap-buffer-overflow,"0,1",0,defect_site,a7eed17a0b2a1c09ef986f3b4b323cd31cea2b64,no
178203,vulvalidate/bigvul-repro:178203,CVE-2016-4544,php,CWE-119,exif.c (whole-file; exif_process_IFD_TAG is the vulnerable fn),ext/exif/exif.c,AddressSanitizer: heap-buffer-overflow,"0,1",0,defect_site,082aecfc3a753ad03be82cf14f03ac065723ec92,no
178408,vulvalidate/bigvul-repro:178408,CVE-2011-4029,xserver,CWE-362,LockServer,os/utils.c,sanitizer shadow state,1,0,defect_site,b67581cf825940fdf52bf2e0af4330e695d724a4,no
178409,vulvalidate/bigvul-repro:178409,CVE-2011-4028,xserver,CWE-59,LockServer,os/utils.c,sanitizer shadow state,7,0,defect_site,6ba44b91e37622ef8c146d8f2ac92d708a18ed34,no
178460,vulvalidate/bigvul-repro:178460,CVE-2018-1116,polkit,CWE-200,"check_authorization_sync (the stored text is its CALLER, polkit_backend_interactive_authority_check_authorization)",src/polkitbackend/polkitbackendinteractiveauthority.c,behavioural: a printed value differs,1,0,defect_site,bc7ffad53643a9c80231fc41f5582d6a8931c32c,no
178474,vulvalidate/bigvul-repro:178474,CVE-2015-4642,php,CWE-78,php_escape_shell_arg,ext/standard/exec.c,behavioural: a printed value differs,1,0,defect_site,d2ac264ffea5ca2e85640b6736e0c7cd4ee9a4a9,no
