release_file,key,released_target,corrected_target,change,evidence,outranked_by_id
primevul_test.jsonl,195073,1,0,label_noise_corrected,dynamic_attack_negative,
primevul_test.jsonl,200934,1,0,label_noise_corrected,dynamic_attack_negative,
primevul_test.jsonl,201872,1,0,label_noise_corrected,dynamic_attack_negative,
primevul_test.jsonl,204138,1,0,label_noise_corrected,dynamic_attack_negative,
primevul_test.jsonl,210555,1,0,label_noise_corrected,dynamic_attack_negative,
primevul_test.jsonl,264212,0,1,cross_corpus_conflict_resolved,dynamic_confirmed,diversevul:3122_ceeaddd9be70
primevul_test.jsonl,264229,0,1,cross_corpus_conflict_resolved,dynamic_confirmed,diversevul:3127_8d8904a13f2c
primevul_test.jsonl,264255,0,1,cross_corpus_conflict_resolved,dynamic_confirmed,diversevul:3116_0681d339e1c5
primevul_test.jsonl,264256,0,1,cross_corpus_conflict_resolved,dynamic_confirmed,diversevul:3118_afdb86380340
primevul_test.jsonl,297210,0,1,cross_corpus_conflict_resolved,dynamic_confirmed,diversevul:3233_848b2463fd63
primevul_test.jsonl,297214,0,1,cross_corpus_conflict_resolved,dynamic_confirmed,diversevul:3231_a807be6c5c11
primevul_test.jsonl,297217,0,1,cross_corpus_conflict_resolved,dynamic_confirmed,diversevul:3226_021367b6faef
primevul_test.jsonl,333497,0,1,cross_corpus_conflict_resolved,dynamic_confirmed,diversevul:4154_deee5e1ca216
primevul_test.jsonl,379328,0,1,cross_corpus_conflict_resolved,dynamic_confirmed,primevul:210944
primevul_test.jsonl,383947,0,1,cross_corpus_conflict_resolved,dynamic_confirmed,bigvul:179617
primevul_test.jsonl,383948,0,1,cross_corpus_conflict_resolved,dynamic_confirmed,bigvul:179619
primevul_test.jsonl,383952,0,1,cross_corpus_conflict_resolved,dynamic_confirmed,bigvul:179618
primevul_test.jsonl,385845,0,1,cross_corpus_conflict_resolved,dynamic_confirmed,bigvul:179493
primevul_test.jsonl,385925,0,1,cross_corpus_conflict_resolved,dynamic_confirmed,bigvul:179492
primevul_test.jsonl,391672,0,1,cross_corpus_conflict_resolved,dynamic_confirmed,diversevul:5674_4fe9dd1610a0
primevul_test.jsonl,439101,0,1,cross_corpus_conflict_resolved,dynamic_confirmed,diversevul:8383_39d913cd4321
primevul_test.jsonl,440097,0,1,cross_corpus_conflict_resolved,dynamic_confirmed,diversevul:2554_2a0b00b9bdb7
primevul_test.jsonl,440872,0,1,cross_corpus_conflict_resolved,dynamic_confirmed,primevul:210834
primevul_test.jsonl,452248,0,1,cross_corpus_conflict_resolved,dynamic_confirmed,diversevul:3270_55e9355841f9
primevul_test.jsonl,452250,0,1,cross_corpus_conflict_resolved,dynamic_confirmed,diversevul:3265_c39212b0e168
primevul_test.jsonl,452253,0,1,cross_corpus_conflict_resolved,dynamic_confirmed,diversevul:3272_956dd4ff7454
primevul_test.jsonl,452260,0,1,cross_corpus_conflict_resolved,dynamic_confirmed,diversevul:3269_b6448b9841cc
primevul_test.jsonl,455384,0,1,cross_corpus_conflict_resolved,dynamic_confirmed,bigvul:182337
primevul_train.jsonl,102,1,0,label_noise_corrected,dynamic_attack_negative,
primevul_train.jsonl,167,1,0,label_noise_corrected,dynamic_attack_negative,
primevul_train.jsonl,204,1,0,label_noise_corrected,dynamic_attack_negative,
primevul_train.jsonl,515,1,0,label_noise_corrected,dynamic_attack_negative,
primevul_train.jsonl,993,1,0,label_noise_corrected,dynamic_attack_negative,
primevul_train.jsonl,2474,1,0,label_noise_corrected,dynamic_attack_negative,
primevul_train.jsonl,2510,1,0,label_inherited_from_identical_body,normalised body identical to bigvul:180981,bigvul:180981
primevul_train.jsonl,3128,1,0,label_inherited_from_identical_body,normalised body identical to bigvul:181712,bigvul:181712
primevul_train.jsonl,3599,1,0,label_inherited_from_identical_body,normalised body identical to bigvul:182264,bigvul:182264
primevul_train.jsonl,3903,1,0,label_noise_corrected,dynamic_attack_negative,
primevul_train.jsonl,3936,1,0,label_inherited_from_identical_body,normalised body identical to bigvul:182711,bigvul:182711
primevul_train.jsonl,4323,1,0,label_inherited_from_identical_body,normalised body identical to bigvul:183182,bigvul:183182
primevul_train.jsonl,4408,1,0,label_inherited_from_identical_body,normalised body identical to bigvul:183295,bigvul:183295
primevul_train.jsonl,4511,1,0,label_inherited_from_identical_body,normalised body identical to bigvul:183419,bigvul:183419
primevul_train.jsonl,5682,1,0,label_noise_corrected,dynamic_attack_negative,
primevul_train.jsonl,5754,1,0,label_noise_corrected,dynamic_attack_negative,
primevul_train.jsonl,5769,1,0,label_noise_corrected,dynamic_attack_negative,
primevul_train.jsonl,5777,1,0,label_noise_corrected,dynamic_attack_negative,
primevul_train.jsonl,6023,1,0,label_noise_corrected,dynamic_attack_negative,
primevul_train.jsonl,6164,1,0,label_noise_corrected,dynamic_attack_negative,
primevul_train.jsonl,6757,1,0,label_noise_corrected,dynamic_attack_negative,
primevul_train.jsonl,7051,1,0,label_noise_corrected,dynamic_attack_negative,
primevul_train.jsonl,7111,1,0,label_noise_corrected,dynamic_attack_negative,
primevul_train.jsonl,7128,1,0,label_noise_corrected,dynamic_attack_negative,
primevul_train.jsonl,7255,1,0,label_noise_corrected,dynamic_attack_negative,
primevul_train.jsonl,7478,1,0,label_noise_corrected,dynamic_attack_negative,
primevul_train.jsonl,7480,1,0,label_noise_corrected,dynamic_attack_negative,
primevul_train.jsonl,7773,1,0,label_noise_corrected,dynamic_attack_negative,
primevul_train.jsonl,8489,1,0,label_inherited_from_identical_body,normalised body identical to bigvul:187916,bigvul:187916
primevul_train.jsonl,8709,1,0,label_noise_corrected,dynamic_attack_negative,
primevul_train.jsonl,8713,1,0,label_inherited_from_identical_body,normalised body identical to bigvul:188170,bigvul:188170
primevul_train.jsonl,8722,1,0,label_inherited_from_identical_body,normalised body identical to bigvul:188179,bigvul:188179
primevul_train.jsonl,9449,1,0,label_inherited_from_identical_body,normalised body identical to bigvul:181274,bigvul:181274
primevul_train.jsonl,9637,1,0,label_noise_corrected,dynamic_attack_negative,
primevul_train.jsonl,9673,1,0,label_noise_corrected,dynamic_attack_negative,
primevul_train.jsonl,9912,1,0,label_noise_corrected,dynamic_attack_negative,
primevul_train.jsonl,10067,1,0,label_inherited_from_identical_body,normalised body identical to bigvul:186901,bigvul:186901
primevul_train.jsonl,10260,1,0,label_inherited_from_identical_body,normalised body identical to bigvul:177743,bigvul:177743
primevul_train.jsonl,10279,1,0,label_inherited_from_identical_body,normalised body identical to bigvul:177916,bigvul:177916
primevul_train.jsonl,10292,1,0,label_noise_corrected,dynamic_attack_negative,
primevul_train.jsonl,10807,1,0,label_noise_corrected,dynamic_attack_negative,
primevul_train.jsonl,158388,0,1,cross_corpus_conflict_resolved,dynamic_confirmed,diversevul:10161_4972e1ff9672
primevul_train.jsonl,160942,0,1,cross_corpus_conflict_resolved,dynamic_confirmed,bigvul:182332
primevul_train.jsonl,160957,0,1,cross_corpus_conflict_resolved,dynamic_confirmed,primevul:10749
primevul_train.jsonl,162973,0,1,cross_corpus_conflict_resolved,dynamic_confirmed,diversevul:3389_98cb04f88805
primevul_train.jsonl,162991,0,1,cross_corpus_conflict_resolved,dynamic_confirmed,diversevul:2049_1ebfa09e019e
primevul_train.jsonl,164479,0,1,cross_corpus_conflict_resolved,dynamic_confirmed,bigvul:186710
primevul_train.jsonl,184571,0,1,cross_corpus_conflict_resolved,dynamic_confirmed,diversevul:18514_868b7a79eec7
primevul_train.jsonl,194591,0,1,cross_corpus_conflict_resolved,dynamic_confirmed,primevul:205672
primevul_train.jsonl,194605,0,1,cross_corpus_conflict_resolved,dynamic_confirmed,diversevul:1285_99119be6a542
primevul_train.jsonl,194606,0,1,cross_corpus_conflict_resolved,dynamic_confirmed,diversevul:1286_3f997a390ef2
primevul_train.jsonl,195567,1,0,label_noise_corrected,dynamic_attack_negative,
primevul_train.jsonl,196748,1,0,label_noise_corrected,dynamic_attack_negative,
primevul_train.jsonl,197009,1,0,label_noise_corrected,dynamic_attack_negative,
primevul_train.jsonl,198705,1,0,label_noise_corrected,dynamic_attack_negative,
primevul_train.jsonl,198945,1,0,label_noise_corrected,dynamic_attack_negative,
primevul_train.jsonl,199705,1,0,label_noise_corrected,dynamic_attack_negative,
primevul_train.jsonl,200679,1,0,label_noise_corrected,dynamic_attack_negative,
primevul_train.jsonl,200771,1,0,label_noise_corrected,dynamic_attack_negative,
primevul_train.jsonl,201335,1,0,label_noise_corrected,dynamic_attack_negative,
primevul_train.jsonl,202221,1,0,label_noise_corrected,dynamic_attack_negative,
primevul_train.jsonl,202396,1,0,label_noise_corrected,dynamic_attack_negative,
primevul_train.jsonl,204142,1,0,label_noise_corrected,dynamic_attack_negative,
primevul_train.jsonl,204396,1,0,label_noise_corrected,dynamic_attack_negative,
primevul_train.jsonl,204824,1,0,label_noise_corrected,dynamic_attack_negative,
primevul_train.jsonl,207102,1,0,label_noise_corrected,dynamic_attack_negative,
primevul_train.jsonl,207141,1,0,label_noise_corrected,dynamic_attack_negative,
primevul_train.jsonl,207482,1,0,label_noise_corrected,dynamic_attack_negative,
primevul_train.jsonl,207986,1,0,label_noise_corrected,dynamic_attack_negative,
primevul_train.jsonl,208670,1,0,label_noise_corrected,dynamic_attack_negative,
primevul_train.jsonl,210099,1,0,label_noise_corrected,dynamic_attack_negative,
primevul_train.jsonl,210261,1,0,label_noise_corrected,dynamic_attack_negative,
primevul_train.jsonl,210419,1,0,label_noise_corrected,dynamic_attack_negative,
primevul_train.jsonl,210711,1,0,label_noise_corrected,dynamic_attack_negative,
primevul_train.jsonl,210917,1,0,label_noise_corrected,dynamic_attack_negative,
primevul_train.jsonl,211796,1,0,label_noise_corrected,dynamic_attack_negative,
primevul_train.jsonl,213072,1,0,label_noise_corrected,dynamic_attack_negative,
primevul_train.jsonl,214471,1,0,label_noise_corrected,dynamic_attack_negative,
primevul_train.jsonl,215091,1,0,label_noise_corrected,dynamic_attack_negative,
primevul_train.jsonl,215290,1,0,label_noise_corrected,dynamic_attack_negative,
primevul_train.jsonl,215974,1,0,label_noise_corrected,dynamic_attack_negative,
primevul_train.jsonl,215993,1,0,label_noise_corrected,dynamic_attack_negative,
primevul_train.jsonl,216083,1,0,label_noise_corrected,dynamic_attack_negative,
primevul_train.jsonl,216832,1,0,label_noise_corrected,dynamic_attack_negative,
primevul_train.jsonl,216986,1,0,label_noise_corrected,dynamic_attack_negative,
primevul_train.jsonl,224852,0,1,cross_corpus_conflict_resolved,dynamic_confirmed,bigvul:183119
primevul_train.jsonl,245847,0,1,cross_corpus_conflict_resolved,dynamic_confirmed,diversevul:5737_bebdee876623
primevul_train.jsonl,251552,0,1,cross_corpus_conflict_resolved,dynamic_confirmed,bigvul:182333
primevul_train.jsonl,277858,0,1,cross_corpus_conflict_resolved,dynamic_confirmed,diversevul:5917_8d65c57bb082
primevul_train.jsonl,278838,0,1,cross_corpus_conflict_resolved,dynamic_confirmed,diversevul:9642_ec5ca0212406
primevul_train.jsonl,278849,0,1,cross_corpus_conflict_resolved,dynamic_confirmed,diversevul:9643_3e7a54cd55cd
primevul_train.jsonl,283074,0,1,cross_corpus_conflict_resolved,dynamic_confirmed,diversevul:2010_06be51248206
primevul_train.jsonl,285384,0,1,cross_corpus_conflict_resolved,dynamic_confirmed,diversevul:2965_c977671ff211
primevul_train.jsonl,291851,0,1,cross_corpus_conflict_resolved,dynamic_confirmed,diversevul:8113_e1d95c06d5c2
primevul_train.jsonl,291881,0,1,cross_corpus_conflict_resolved,dynamic_confirmed,diversevul:3172_4efb1c5abef2
primevul_train.jsonl,291892,0,1,cross_corpus_conflict_resolved,dynamic_confirmed,diversevul:3188_be175402f74e
primevul_train.jsonl,291896,0,1,cross_corpus_conflict_resolved,dynamic_confirmed,diversevul:3166_c6254234306e
primevul_train.jsonl,292762,0,1,cross_corpus_conflict_resolved,dynamic_confirmed,bigvul:180838
primevul_train.jsonl,292763,0,1,cross_corpus_conflict_resolved,dynamic_confirmed,diversevul:6248_d1a2a16fc50a
primevul_train.jsonl,294972,0,1,cross_corpus_conflict_resolved,dynamic_confirmed,bigvul:181907
primevul_train.jsonl,303134,0,1,cross_corpus_conflict_resolved,dynamic_confirmed,bigvul:181891
primevul_train.jsonl,303140,0,1,cross_corpus_conflict_resolved,dynamic_confirmed,diversevul:5390_92bf3d35102c
primevul_train.jsonl,305120,0,1,cross_corpus_conflict_resolved,dynamic_confirmed,diversevul:4264_9562c8e92b27
primevul_train.jsonl,306798,0,1,cross_corpus_conflict_resolved,dynamic_confirmed,diversevul:12654_a4a722fb5eb2
primevul_train.jsonl,307878,0,1,cross_corpus_conflict_resolved,dynamic_confirmed,diversevul:1999_5e5ad348891d
primevul_train.jsonl,313184,0,1,cross_corpus_conflict_resolved,dynamic_confirmed,diversevul:3801_b76c95664431
primevul_train.jsonl,313186,0,1,cross_corpus_conflict_resolved,dynamic_confirmed,diversevul:3797_40f86581b3df
primevul_train.jsonl,313638,0,1,cross_corpus_conflict_resolved,dynamic_confirmed,bigvul:181877
primevul_train.jsonl,313641,0,1,cross_corpus_conflict_resolved,dynamic_confirmed,bigvul:181873
primevul_train.jsonl,313642,0,1,cross_corpus_conflict_resolved,dynamic_confirmed,bigvul:181872
primevul_train.jsonl,313643,0,1,cross_corpus_conflict_resolved,dynamic_confirmed,bigvul:181880
primevul_train.jsonl,313646,0,1,cross_corpus_conflict_resolved,dynamic_confirmed,diversevul:4810_1acc0ba71d7a
primevul_train.jsonl,313647,0,1,cross_corpus_conflict_resolved,dynamic_confirmed,bigvul:181878
primevul_train.jsonl,313648,0,1,cross_corpus_conflict_resolved,dynamic_confirmed,bigvul:181874
primevul_train.jsonl,313652,0,1,cross_corpus_conflict_resolved,dynamic_confirmed,bigvul:181882
primevul_train.jsonl,313654,0,1,cross_corpus_conflict_resolved,dynamic_confirmed,bigvul:181879
primevul_train.jsonl,316781,0,1,cross_corpus_conflict_resolved,dynamic_confirmed,bigvul:181226
primevul_train.jsonl,316786,0,1,cross_corpus_conflict_resolved,dynamic_confirmed,bigvul:181227
primevul_train.jsonl,317518,0,1,cross_corpus_conflict_resolved,dynamic_confirmed,bigvul:179772
primevul_train.jsonl,317885,0,1,cross_corpus_conflict_resolved,dynamic_confirmed,diversevul:16365_2379e14e8eb7
primevul_train.jsonl,320126,0,1,cross_corpus_conflict_resolved,dynamic_confirmed,diversevul:8404_6a8a379b2419
primevul_train.jsonl,321477,0,1,cross_corpus_conflict_resolved,dynamic_confirmed,bigvul:179120
primevul_train.jsonl,321483,0,1,cross_corpus_conflict_resolved,dynamic_confirmed,bigvul:179638
primevul_train.jsonl,328465,0,1,cross_corpus_conflict_resolved,dynamic_confirmed,diversevul:1653_8ce8c06e164c
primevul_train.jsonl,331865,0,1,cross_corpus_conflict_resolved,dynamic_confirmed,bigvul:182181
primevul_train.jsonl,332687,0,1,cross_corpus_conflict_resolved,dynamic_confirmed,diversevul:5769_efd0d72b388f
primevul_train.jsonl,342669,0,1,cross_corpus_conflict_resolved,dynamic_confirmed,diversevul:1657_2ded9b83e282
primevul_train.jsonl,350872,0,1,cross_corpus_conflict_resolved,dynamic_confirmed,bigvul:188342
primevul_train.jsonl,350929,0,1,cross_corpus_conflict_resolved,dynamic_confirmed,bigvul:187837
primevul_train.jsonl,355189,0,1,cross_corpus_conflict_resolved,dynamic_confirmed,bigvul:180952
primevul_train.jsonl,355211,0,1,cross_corpus_conflict_resolved,dynamic_confirmed,diversevul:5949_f712a19867f3
primevul_train.jsonl,361198,0,1,cross_corpus_conflict_resolved,dynamic_confirmed,bigvul:182011
primevul_train.jsonl,361200,0,1,cross_corpus_conflict_resolved,dynamic_confirmed,bigvul:182013
primevul_train.jsonl,361203,0,1,cross_corpus_conflict_resolved,dynamic_confirmed,bigvul:182012
primevul_train.jsonl,361206,0,1,cross_corpus_conflict_resolved,dynamic_confirmed,diversevul:3874_e78b80102186
primevul_train.jsonl,362485,0,1,cross_corpus_conflict_resolved,dynamic_confirmed,diversevul:4734_c80584df3f59
primevul_train.jsonl,362492,0,1,cross_corpus_conflict_resolved,dynamic_confirmed,bigvul:181930
primevul_train.jsonl,365982,0,1,cross_corpus_conflict_resolved,dynamic_confirmed,diversevul:5026_a275d001720a
primevul_train.jsonl,365987,0,1,cross_corpus_conflict_resolved,dynamic_confirmed,diversevul:5029_140788ac4e0c
primevul_train.jsonl,367149,0,1,cross_corpus_conflict_resolved,dynamic_confirmed,diversevul:2048_bcf2bd4f5c4c
primevul_train.jsonl,368214,0,1,cross_corpus_conflict_resolved,dynamic_confirmed,primevul:205569
primevul_train.jsonl,369781,0,1,cross_corpus_conflict_resolved,dynamic_confirmed,bigvul:181446
primevul_train.jsonl,369833,0,1,cross_corpus_conflict_resolved,dynamic_confirmed,bigvul:181448
primevul_train.jsonl,378831,0,1,cross_corpus_conflict_resolved,dynamic_confirmed,diversevul:4805_5bd045b16030
primevul_train.jsonl,380571,0,1,cross_corpus_conflict_resolved,dynamic_confirmed,diversevul:4932_6ea3997e828a
primevul_train.jsonl,380596,0,1,cross_corpus_conflict_resolved,dynamic_confirmed,primevul:206347
primevul_train.jsonl,380941,0,1,cross_corpus_conflict_resolved,dynamic_confirmed,bigvul:179499
primevul_train.jsonl,380944,0,1,cross_corpus_conflict_resolved,dynamic_confirmed,bigvul:183076
primevul_train.jsonl,382712,0,1,cross_corpus_conflict_resolved,dynamic_confirmed,diversevul:15724_bc099dce622b
primevul_train.jsonl,384307,0,1,cross_corpus_conflict_resolved,dynamic_confirmed,diversevul:383_4e880f985293
primevul_train.jsonl,385138,0,1,cross_corpus_conflict_resolved,dynamic_confirmed,bigvul:182825
primevul_train.jsonl,385144,0,1,cross_corpus_conflict_resolved,dynamic_confirmed,bigvul:182826
primevul_train.jsonl,389937,0,1,cross_corpus_conflict_resolved,dynamic_confirmed,diversevul:17143_17bdbec96bdf
primevul_train.jsonl,391034,0,1,cross_corpus_conflict_resolved,dynamic_confirmed,bigvul:177989
primevul_train.jsonl,392424,0,1,cross_corpus_conflict_resolved,dynamic_confirmed,diversevul:8170_bb7444a566cf
primevul_train.jsonl,394606,0,1,cross_corpus_conflict_resolved,dynamic_confirmed,diversevul:2122_5fc78e542cf1
primevul_train.jsonl,394608,0,1,cross_corpus_conflict_resolved,dynamic_confirmed,diversevul:2011_c2d769c9c77d
primevul_train.jsonl,398295,0,1,cross_corpus_conflict_resolved,dynamic_confirmed,diversevul:388_4ba504d01726
primevul_train.jsonl,400026,0,1,cross_corpus_conflict_resolved,dynamic_confirmed,bigvul:181136
primevul_train.jsonl,404221,0,1,cross_corpus_conflict_resolved,dynamic_confirmed,bigvul:178211
primevul_train.jsonl,404225,0,1,cross_corpus_conflict_resolved,dynamic_confirmed,diversevul:3999_4a7c8b9f37c6
primevul_train.jsonl,404231,0,1,cross_corpus_conflict_resolved,dynamic_confirmed,diversevul:4008_a56753604c23
primevul_train.jsonl,405917,0,1,cross_corpus_conflict_resolved,dynamic_confirmed,bigvul:182177
primevul_train.jsonl,406377,0,1,cross_corpus_conflict_resolved,dynamic_confirmed,bigvul:182889
primevul_train.jsonl,406760,0,1,cross_corpus_conflict_resolved,dynamic_confirmed,diversevul:10687_c3a780b33fa0
primevul_train.jsonl,406793,0,1,cross_corpus_conflict_resolved,dynamic_confirmed,diversevul:10691_a1a1675997cc
primevul_train.jsonl,413406,0,1,cross_corpus_conflict_resolved,dynamic_confirmed,primevul:207827
primevul_train.jsonl,416354,0,1,cross_corpus_conflict_resolved,dynamic_confirmed,bigvul:180251
primevul_train.jsonl,417408,0,1,cross_corpus_conflict_resolved,dynamic_confirmed,diversevul:4451_9338e4d278dd
primevul_train.jsonl,422828,0,1,cross_corpus_conflict_resolved,dynamic_confirmed,bigvul:182863
primevul_train.jsonl,422850,0,1,cross_corpus_conflict_resolved,dynamic_confirmed,bigvul:182862
primevul_train.jsonl,433685,0,1,cross_corpus_conflict_resolved,dynamic_confirmed,diversevul:5037_d89a38feead2
primevul_train.jsonl,437841,0,1,cross_corpus_conflict_resolved,dynamic_confirmed,bigvul:179907
primevul_train.jsonl,437854,0,1,cross_corpus_conflict_resolved,dynamic_confirmed,bigvul:179906
primevul_train.jsonl,451889,0,1,cross_corpus_conflict_resolved,dynamic_confirmed,diversevul:15465_e611d08d31bd
primevul_train.jsonl,452228,0,1,cross_corpus_conflict_resolved,dynamic_confirmed,bigvul:187334
primevul_train.jsonl,452266,0,1,cross_corpus_conflict_resolved,dynamic_confirmed,diversevul:5038_f5d77f77a87c
primevul_train.jsonl,454522,0,1,cross_corpus_conflict_resolved,dynamic_confirmed,primevul:208419
primevul_train.jsonl,456880,0,1,cross_corpus_conflict_resolved,dynamic_confirmed,bigvul:182761
primevul_train.jsonl,460839,0,1,cross_corpus_conflict_resolved,dynamic_confirmed,primevul:212381
primevul_train.jsonl,461437,0,1,cross_corpus_conflict_resolved,dynamic_confirmed,bigvul:182351
primevul_train.jsonl,461449,0,1,cross_corpus_conflict_resolved,dynamic_confirmed,bigvul:182543
primevul_train.jsonl,461450,0,1,cross_corpus_conflict_resolved,dynamic_confirmed,bigvul:182545
primevul_train.jsonl,461455,0,1,cross_corpus_conflict_resolved,dynamic_confirmed,bigvul:182544
primevul_train.jsonl,461472,0,1,cross_corpus_conflict_resolved,dynamic_confirmed,bigvul:182350
primevul_train.jsonl,461542,0,1,cross_corpus_conflict_resolved,dynamic_confirmed,bigvul:182355
primevul_train.jsonl,461553,0,1,cross_corpus_conflict_resolved,dynamic_confirmed,bigvul:182354
primevul_train.jsonl,465868,0,1,cross_corpus_conflict_resolved,dynamic_confirmed,bigvul:180378
primevul_train.jsonl,465871,0,1,cross_corpus_conflict_resolved,dynamic_confirmed,bigvul:180356
primevul_train.jsonl,465873,0,1,cross_corpus_conflict_resolved,dynamic_confirmed,diversevul:4119_63c8d8e95fee
primevul_train.jsonl,465876,0,1,cross_corpus_conflict_resolved,dynamic_confirmed,diversevul:4138_927e291dc784
primevul_train.jsonl,465878,0,1,cross_corpus_conflict_resolved,dynamic_confirmed,bigvul:180365
primevul_train.jsonl,465880,0,1,cross_corpus_conflict_resolved,dynamic_confirmed,diversevul:4123_522f32e128c8
primevul_train.jsonl,465881,0,1,cross_corpus_conflict_resolved,dynamic_confirmed,diversevul:4118_6b8057f23321
primevul_train.jsonl,465882,0,1,cross_corpus_conflict_resolved,dynamic_confirmed,bigvul:180379
primevul_train.jsonl,465884,0,1,cross_corpus_conflict_resolved,dynamic_confirmed,diversevul:4131_362f0e77886a
primevul_train.jsonl,465885,0,1,cross_corpus_conflict_resolved,dynamic_confirmed,diversevul:4120_90ca5d78c86d
primevul_train.jsonl,465888,0,1,cross_corpus_conflict_resolved,dynamic_confirmed,diversevul:4122_06d032f2e720
primevul_train.jsonl,465889,0,1,cross_corpus_conflict_resolved,dynamic_confirmed,diversevul:4133_fc8b6ff40be6
primevul_train.jsonl,465891,0,1,cross_corpus_conflict_resolved,dynamic_confirmed,diversevul:4132_0d6cd8396ee5
primevul_train.jsonl,465892,0,1,cross_corpus_conflict_resolved,dynamic_confirmed,bigvul:180366
primevul_train.jsonl,465898,0,1,cross_corpus_conflict_resolved,dynamic_confirmed,diversevul:4128_f74fc733e4b5
primevul_train.jsonl,474576,0,1,cross_corpus_conflict_resolved,dynamic_confirmed,diversevul:6083_cec836988738
primevul_train.jsonl,474587,0,1,cross_corpus_conflict_resolved,dynamic_confirmed,diversevul:6140_79a99c0963f3
primevul_train.jsonl,479081,0,1,cross_corpus_conflict_resolved,dynamic_confirmed,diversevul:6876_b2368b53b26c
primevul_train.jsonl,479086,0,1,cross_corpus_conflict_resolved,dynamic_confirmed,bigvul:183338
primevul_train.jsonl,482033,0,1,cross_corpus_conflict_resolved,dynamic_confirmed,diversevul:2828_d3a2fe73ca40
primevul_train.jsonl,482609,0,1,cross_corpus_conflict_resolved,dynamic_confirmed,bigvul:180764
primevul_train.jsonl,482922,0,1,cross_corpus_conflict_resolved,dynamic_confirmed,primevul:208089
primevul_train.jsonl,484966,0,1,cross_corpus_conflict_resolved,dynamic_confirmed,bigvul:180288
primevul_train.jsonl,484973,0,1,cross_corpus_conflict_resolved,dynamic_confirmed,bigvul:180295
primevul_train.jsonl,484980,0,1,cross_corpus_conflict_resolved,dynamic_confirmed,bigvul:180287
primevul_train.jsonl,502534,0,1,cross_corpus_conflict_resolved,dynamic_confirmed,diversevul:18162_6fc244a549cf
primevul_train.jsonl,503913,0,1,cross_corpus_conflict_resolved,dynamic_confirmed,bigvul:180044
primevul_valid.jsonl,195717,1,0,label_noise_corrected,dynamic_attack_negative,
primevul_valid.jsonl,198944,1,0,label_noise_corrected,dynamic_attack_negative,
primevul_valid.jsonl,201328,1,0,label_noise_corrected,dynamic_attack_negative,
primevul_valid.jsonl,202609,1,0,label_noise_corrected,dynamic_attack_negative,
primevul_valid.jsonl,209003,1,0,label_noise_corrected,dynamic_attack_negative,
primevul_valid.jsonl,214365,1,0,label_noise_corrected,dynamic_attack_negative,
primevul_valid.jsonl,215994,1,0,label_noise_corrected,dynamic_attack_negative,
primevul_valid.jsonl,219348,0,1,cross_corpus_conflict_resolved,dynamic_confirmed,diversevul:8111_54515ece3c67
primevul_valid.jsonl,237631,0,1,cross_corpus_conflict_resolved,dynamic_confirmed,diversevul:16344_034b313e9a2d
primevul_valid.jsonl,238853,0,1,cross_corpus_conflict_resolved,dynamic_confirmed,diversevul:13545_cea91064bef9
primevul_valid.jsonl,278284,0,1,cross_corpus_conflict_resolved,dynamic_confirmed,diversevul:3520_57f146abdaa8
primevul_valid.jsonl,295168,0,1,cross_corpus_conflict_resolved,dynamic_confirmed,diversevul:4288_e0924a2c2159
primevul_valid.jsonl,299194,0,1,cross_corpus_conflict_resolved,dynamic_confirmed,diversevul:11305_025b2199e466
primevul_valid.jsonl,330250,0,1,cross_corpus_conflict_resolved,dynamic_confirmed,diversevul:12090_282f394cec2d
primevul_valid.jsonl,375358,0,1,cross_corpus_conflict_resolved,dynamic_confirmed,primevul:204737
primevul_valid.jsonl,383652,0,1,cross_corpus_conflict_resolved,dynamic_confirmed,bigvul:179838
primevul_valid.jsonl,383657,0,1,cross_corpus_conflict_resolved,dynamic_confirmed,bigvul:179842
primevul_valid.jsonl,383663,0,1,cross_corpus_conflict_resolved,dynamic_confirmed,bigvul:179847
primevul_valid.jsonl,383669,0,1,cross_corpus_conflict_resolved,dynamic_confirmed,diversevul:3441_72f4e73cd685
primevul_valid.jsonl,383680,0,1,cross_corpus_conflict_resolved,dynamic_confirmed,bigvul:179824
primevul_valid.jsonl,383685,0,1,cross_corpus_conflict_resolved,dynamic_confirmed,bigvul:179840
primevul_valid.jsonl,383687,0,1,cross_corpus_conflict_resolved,dynamic_confirmed,diversevul:3439_d10a10b172bc
primevul_valid.jsonl,383692,0,1,cross_corpus_conflict_resolved,dynamic_confirmed,bigvul:179844
primevul_valid.jsonl,383697,0,1,cross_corpus_conflict_resolved,dynamic_confirmed,bigvul:179834
primevul_valid.jsonl,383704,0,1,cross_corpus_conflict_resolved,dynamic_confirmed,bigvul:179828
primevul_valid.jsonl,383708,0,1,cross_corpus_conflict_resolved,dynamic_confirmed,bigvul:179839
primevul_valid.jsonl,383711,0,1,cross_corpus_conflict_resolved,dynamic_confirmed,diversevul:3430_b9c5cef24d64
primevul_valid.jsonl,383718,0,1,cross_corpus_conflict_resolved,dynamic_confirmed,bigvul:179845
primevul_valid.jsonl,383724,0,1,cross_corpus_conflict_resolved,dynamic_confirmed,bigvul:179827
primevul_valid.jsonl,383726,0,1,cross_corpus_conflict_resolved,dynamic_confirmed,bigvul:179830
primevul_valid.jsonl,383727,0,1,cross_corpus_conflict_resolved,dynamic_confirmed,bigvul:179843
primevul_valid.jsonl,383730,0,1,cross_corpus_conflict_resolved,dynamic_confirmed,bigvul:179846
primevul_valid.jsonl,383737,0,1,cross_corpus_conflict_resolved,dynamic_confirmed,bigvul:179837
primevul_valid.jsonl,383739,0,1,cross_corpus_conflict_resolved,dynamic_confirmed,bigvul:179836
primevul_valid.jsonl,383741,0,1,cross_corpus_conflict_resolved,dynamic_confirmed,diversevul:3419_c9602be545e5
primevul_valid.jsonl,383747,0,1,cross_corpus_conflict_resolved,dynamic_confirmed,bigvul:179829
primevul_valid.jsonl,386460,0,1,cross_corpus_conflict_resolved,dynamic_confirmed,diversevul:11941_7f7ffd27e9ff
primevul_valid.jsonl,389213,0,1,cross_corpus_conflict_resolved,dynamic_confirmed,diversevul:11482_9fdd5daf30f5
primevul_valid.jsonl,437569,0,1,cross_corpus_conflict_resolved,dynamic_confirmed,bigvul:179740
primevul_valid.jsonl,437572,0,1,cross_corpus_conflict_resolved,dynamic_confirmed,bigvul:179741
primevul_valid.jsonl,437590,0,1,cross_corpus_conflict_resolved,dynamic_confirmed,bigvul:179743
primevul_valid.jsonl,456966,0,1,cross_corpus_conflict_resolved,dynamic_confirmed,diversevul:1932_2a2eb5654cf9
primevul_valid.jsonl,492802,0,1,cross_corpus_conflict_resolved,dynamic_confirmed,bigvul:181445
